insert into user (user_name) values ('User');
insert into user (user_name) values ('Tom');
insert into user (user_name) values ('John');
insert into user (user_name) values ('Yum');
insert into tag (tag_name) values ('BE 0101');
insert into tag (tag_name) values ('BE 0102');
insert into tag (tag_name) values ('BE 123');
insert into tag (tag_name) values ('BE 120515');
insert into subscription (user_name, tag_name) values ('Tom', 'BE 0101');
insert into subscription (user_name, tag_name) values ('Tom', 'BE 0102');
insert into subscription (user_name, tag_name) values ('John', 'BE 0102');
insert into post (post_text, post_date, post_location, user_name, tag_name) values ('Post text2', '120815', 'location', 'User', 'BE 0102');
insert into post (post_text, post_date, post_location, user_name, tag_name) values ('Post text3', '120816', 'location', 'User', 'BE 0102');
insert into post (post_text, post_date, post_location, user_name, tag_name) values ('Post text2', '120815', 'location', 'User', 'BE 123');
insert into post (post_text, post_date, post_location, user_name, tag_name) values ('Post text3', '120816', 'location1', 'User', 'BE 123');
insert into post (post_text, post_date, post_location, user_name, tag_name) values ('Post text4', '120817', 'location', 'John', 'BE 0102');
insert into comment (comment_date, comment_text, user_name, id_post) values ('120817', 'text1', 'User', '1');
insert into comment (comment_date, comment_text, user_name, id_post) values ('130817', 'text2', 'User', '1');
insert into comment (comment_date, comment_text, user_name, id_post) values ('130817', 'text3', 'User', '2');
insert into grade_post (user_name, id_post, grade) values ('John', '1', '1');
insert into grade_comment (user_name, id_comment, grade) values ('John', '1', '1');
insert into photo (link, id_post) values ('link1', '1');